,Month,Hour,WBT,RH,DBT,SR_N,SR_S,SR_E,SR_W,SR_NE,SR_SE,SR_NW,SR_SW,SRP_N,SRP_S,SRP_E,SRP_W,SRP_NE,SRP_SE,SRP_NW,SRP_SW,SR_REC,SPT_BCMi,SPT_FwoKMi,SPT_FwKMi,SPT_SCMi,SPT_BC,SPT_FwoK,SPT_FwK,SPT_SC,SPT_BCMa,SPT_FwoKMa,SPT_FwKMa,SPT_SCMa,ToDP,SP_l250,SP_g250
0,1,0,-3.0,87.92500000000001,-1.0,0.0,0.0,0.0,0.0,0.0,0.0,0.0,0.0,0.0,0.0,0.0,0.0,0.0,0.0,0.0,0.0,0.9094048578335443,68,61,56,73,71,66,62,75,75,71,68,78,1.63,10.87,10.87
1,1,1,-3.0,88.46,-1.0,0.0,0.0,0.0,0.0,0.0,0.0,0.0,0.0,0.0,0.0,0.0,0.0,0.0,0.0,0.0,0.0,0.9094048578335443,68,61,56,73,71,66,62,75,75,71,68,78,1.63,10.87,10.87
2,1,2,-4.0,88.25,-1.0,0.0,0.0,0.0,0.0,0.0,0.0,0.0,0.0,0.0,0.0,0.0,0.0,0.0,0.0,0.0,0.0,0.9094048578335443,68,61,56,73,71,66,62,75,75,71,68,78,1.63,10.87,10.87
3,1,3,-4.0,88.44,-2.0,0.0,0.0,0.0,0.0,0.0,0.0,0.0,0.0,0.0,0.0,0.0,0.0,0.0,0.0,0.0,0.0,0.9094048578335443,68,61,56,73,71,66,62,75,75,71,68,78,1.63,10.87,10.87
4,1,4,-4.0,88.505,-2.0,0.0,0.0,0.0,0.0,0.0,0.0,0.0,0.0,0.0,0.0,0.0,0.0,0.0,0.0,0.0,0.0,0.9094048578335443,68,61,56,73,71,66,62,75,75,71,68,78,1.63,10.87,10.87
5,1,5,-4.0,88.535,-2.0,0.0,0.0,0.0,0.0,0.0,0.0,0.0,0.0,0.0,0.0,0.0,0.0,0.0,0.0,0.0,0.0,0.9094048578335443,68,61,56,73,71,66,62,75,75,71,68,78,1.63,10.87,10.87
6,1,6,-4.0,88.075,-2.0,0.0,0.0,0.0,0.0,0.0,0.0,0.0,0.0,0.0,0.0,0.0,0.0,0.0,0.0,0.0,0.0,0.9094048578335443,68,61,56,73,71,66,62,75,75,71,68,78,1.63,10.87,10.87
7,1,7,-4.0,85.58000000000001,-1.0,0.0,0.0,0.0,0.0,0.0,0.0,0.0,0.0,0.0,0.0,0.0,0.0,0.0,0.0,0.0,0.0,0.9094048578335443,68,61,56,73,71,66,62,75,75,71,68,78,1.63,10.87,10.87
8,1,8,-4.0,82.045,0.0,0.0,122.455,177.24,0.0,41.73,216.005,0.0,0.0,0.0,14.096350869114769,20.40290088638195,0.0,4.803729711062507,24.86531598940946,0.0,0.0,0.9094048578335443,68,61,56,73,71,66,62,75,75,71,68,78,8.54,10.87,10.87
9,1,9,-3.0,78.14,0.0,0.0,279.315,271.89,0.0,0.0,390.55999999999995,0.0,0.0,0.0,32.1532174513641,31.29849199953954,0.0,0.0,44.95913433866697,0.0,0.0,0.9094048578335443,68,61,56,73,71,66,62,75,75,71,68,78,8.54,10.87,10.87
10,1,10,-3.0,74.725,1.0,0.0,356.74,216.575,0.0,0.0,409.71000000000004,0.0,97.055,0.0,41.065960630827675,24.930931276620235,0.0,0.0,47.163577759871075,0.0,11.172441579371474,0.9094048578335443,68,61,56,73,71,66,62,75,75,71,68,78,8.54,10.87,10.87
11,1,11,-3.0,72.50999999999999,1.0,0.0,378.05,114.005,0.0,0.0,350.28999999999996,0.0,185.28,0.0,43.519051456198916,13.123633014849776,0.0,0.0,40.32347185449522,0.0,21.32842177967077,0.9094048578335443,68,61,56,73,71,66,62,75,75,71,68,78,8.54,10.87,10.87
12,1,12,-3.0,72.46000000000001,2.0,0.0,413.425,5.305,0.0,0.0,299.75,0.0,281.53999999999996,0.0,47.59122827213076,0.61068262921607,0.0,0.0,34.505583055139866,0.0,32.40934730056406,0.9094048578335443,68,61,56,73,71,66,62,75,75,71,68,78,8.54,10.87,10.87
13,1,13,-2.0,71.82499999999999,2.0,0.0,383.805,98.065,0.0,0.0,339.34000000000003,0.0,202.765,0.0,44.181535627949806,11.288707263727407,0.0,0.0,39.06296765281455,0.0,23.341199493496028,0.9094048578335443,68,61,56,73,71,66,62,75,75,71,68,78,8.54,10.87,10.87
14,1,14,-2.0,74.33500000000001,2.0,0.0,374.87,208.925,0.0,0.0,412.29,0.0,117.64500000000001,0.0,43.15298722228617,24.05030505352826,0.0,0.0,47.46057327040405,0.0,13.542649936687003,0.9094048578335443,68,61,56,73,71,66,62,75,75,71,68,78,8.54,10.87,10.87
15,1,15,-1.0,80.49,1.0,0.0,272.04,245.765,0.0,0.0,366.63,0.0,16.619999999999997,0.0,31.315759180384482,28.2911246690457,0.0,0.0,42.2044434212041,0.0,1.9132036376194312,0.9094048578335443,68,61,56,73,71,66,62,75,75,71,68,78,8.54,10.87,10.87
16,1,16,-2.0,83.46000000000001,0.0,0.0,84.685,116.31,0.0,21.695,141.925,0.0,0.0,0.0,9.748474732358696,13.388972027167032,0.0,2.497409922873259,16.337630942788074,0.0,0.0,0.9094048578335443,68,61,56,73,71,66,62,75,75,71,68,78,8.54,10.87,10.87
17,1,17,-2.9,83.565,0.0,0.0,0.0,0.0,0.0,0.0,0.0,0.0,0.0,0.0,0.0,0.0,0.0,0.0,0.0,0.0,0.0,0.9094048578335443,68,61,56,73,71,66,62,75,75,71,68,78,8.54,10.87,10.87
18,1,18,-3.0,84.505,0.0,0.0,0.0,0.0,0.0,0.0,0.0,0.0,0.0,0.0,0.0,0.0,0.0,0.0,0.0,0.0,0.0,0.9094048578335443,68,61,56,73,71,66,62,75,75,71,68,78,8.54,10.87,10.87
19,1,19,-3.0,85.32499999999999,0.0,0.0,0.0,0.0,0.0,0.0,0.0,0.0,0.0,0.0,0.0,0.0,0.0,0.0,0.0,0.0,0.0,0.9094048578335443,68,61,56,73,71,66,62,75,75,71,68,78,8.54,10.87,10.87
20,1,20,-3.0,86.095,0.0,0.0,0.0,0.0,0.0,0.0,0.0,0.0,0.0,0.0,0.0,0.0,0.0,0.0,0.0,0.0,0.0,0.9094048578335443,68,61,56,73,71,66,62,75,75,71,68,78,8.54,10.87,10.87
21,1,21,-3.0,86.82,-1.0,0.0,0.0,0.0,0.0,0.0,0.0,0.0,0.0,0.0,0.0,0.0,0.0,0.0,0.0,0.0,0.0,0.9094048578335443,68,61,56,73,71,66,62,75,75,71,68,78,8.54,10.87,10.87
22,1,22,-3.0,87.035,-1.0,0.0,0.0,0.0,0.0,0.0,0.0,0.0,0.0,0.0,0.0,0.0,0.0,0.0,0.0,0.0,0.0,0.9094048578335443,68,61,56,73,71,66,62,75,75,71,68,78,8.54,10.87,10.87
23,1,23,-3.0,87.285,-1.0,0.0,0.0,0.0,0.0,0.0,0.0,0.0,0.0,0.0,0.0,0.0,0.0,0.0,0.0,0.0,0.0,0.9094048578335443,68,61,56,73,71,66,62,75,75,71,68,78,8.54,10.87,10.87
24,2,0,-3.0,88.42,-1.0,0.0,0.0,0.0,0.0,0.0,0.0,0.0,0.0,0.0,0.0,0.0,0.0,0.0,0.0,0.0,0.0,0.9094048578335443,68,61,56,73,71,66,62,75,75,71,68,78,1.63,10.87,10.87
25,2,1,-3.0,88.68,-1.0,0.0,0.0,0.0,0.0,0.0,0.0,0.0,0.0,0.0,0.0,0.0,0.0,0.0,0.0,0.0,0.0,0.9094048578335443,68,61,56,73,71,66,62,75,75,71,68,78,1.63,10.87,10.87
26,2,2,-3.0,88.97999999999999,-1.0,0.0,0.0,0.0,0.0,0.0,0.0,0.0,0.0,0.0,0.0,0.0,0.0,0.0,0.0,0.0,0.0,0.9094048578335443,68,61,56,73,71,66,62,75,75,71,68,78,1.63,10.87,10.87
27,2,3,-3.0,88.78999999999999,-1.0,0.0,0.0,0.0,0.0,0.0,0.0,0.0,0.0,0.0,0.0,0.0,0.0,0.0,0.0,0.0,0.0,0.9094048578335443,68,61,56,73,71,66,62,75,75,71,68,78,1.63,10.87,10.87
28,2,4,-3.0,89.015,-1.0,0.0,0.0,0.0,0.0,0.0,0.0,0.0,0.0,0.0,0.0,0.0,0.0,0.0,0.0,0.0,0.0,0.9094048578335443,68,61,56,73,71,66,62,75,75,71,68,78,1.63,10.87,10.87
29,2,5,-3.0,88.83,-1.0,0.0,0.0,0.0,0.0,0.0,0.0,0.0,0.0,0.0,0.0,0.0,0.0,0.0,0.0,0.0,0.0,0.9094048578335443,68,61,56,73,71,66,62,75,75,71,68,78,1.63,10.87,10.87
30,2,6,-3.0,87.32,-1.0,0.0,0.0,0.0,0.0,0.0,0.0,0.0,0.0,0.0,0.0,0.0,0.0,0.0,0.0,0.0,0.0,0.9094048578335443,68,61,56,73,71,66,62,75,75,71,68,78,1.63,10.87,10.87
31,2,7,-3.0,84.59,0.0,0.0,0.0,0.0,0.0,0.0,0.0,0.0,0.0,0.0,0.0,0.0,0.0,0.0,0.0,0.0,0.0,0.9094048578335443,68,61,56,73,71,66,62,75,75,71,68,78,1.63,10.87,10.87
32,2,8,-2.0,81.555,0.0,0.0,189.38,342.655,0.0,106.265,376.225,0.0,0.0,0.0,21.800391389432484,39.44457234948774,0.0,12.232646483250834,43.30896742258547,0.0,0.0,0.9094048578335443,68,61,56,73,71,66,62,75,75,71,68,78,8.54,10.87,10.87
33,2,9,-2.0,76.65,1.0,0.0,330.06500000000005,399.385,0.0,34.185,519.3900000000001,0.0,0.0,0.0,37.99528030390238,45.97502014504432,0.0,3.935190514561989,59.789340393691724,0.0,0.0,0.9094048578335443,68,61,56,73,71,66,62,75,75,71,68,78,8.54,10.87,10.87
34,2,10,-2.0,73.555,2.0,0.0,409.04,297.475,0.0,0.0,498.62,0.0,72.56,0.0,47.08645101876367,34.24369747899159,0.0,0.0,57.39841141936226,0.0,8.352710947392655,0.9094048578335443,68,61,56,73,71,66,62,75,75,71,68,78,8.54,10.87,10.87
35,2,11,-2.0,71.31,2.0,0.0,404.695,151.64499999999998,0.0,0.0,393.775,0.0,177.065,0.0,46.58627834695522,17.45654426154023,0.0,0.0,45.32922758144353,0.0,20.38275584206285,0.9094048578335443,68,61,56,73,71,66,62,75,75,71,68,78,8.54,10.87,10.87
36,2,12,-2.0,70.62,3.0,0.0,415.22,21.775,0.0,0.0,309.41499999999996,0.0,277.965,0.0,47.79785886957522,2.5066190859905606,0.0,0.0,35.61816507424888,0.0,31.997812823759634,0.9094048578335443,68,61,56,73,71,66,62,75,75,71,68,78,8.54,10.87,10.87
37,2,13,-1.0,71.07499999999999,3.0,0.0,434.545,116.515,0.0,0.0,388.03,0.0,226.225,0.0,50.02244733509842,13.412570507655117,0.0,0.0,44.667894555082306,0.0,26.041786577644757,0.9094048578335443,68,61,56,73,71,66,62,75,75,71,68,78,8.54,10.87,10.87
38,2,14,-1.0,73.36,3.0,0.0,418.13,256.075,0.0,0.0,476.70500000000004,0.0,112.87,0.0,48.13284217796708,29.47795556578796,0.0,0.0,54.87567629791643,0.0,12.992978013123057,0.9094048578335443,68,61,56,73,71,66,62,75,75,71,68,78,8.54,10.87,10.87
39,2,15,-1.0,78.495,2.0,0.0,327.45500000000004,332.48,0.0,0.0,468.03499999999997,0.0,0.0,0.0,37.694831357200414,38.273281915505926,0.0,0.0,53.877633245078854,0.0,0.0,0.9094048578335443,68,61,56,73,71,66,62,75,75,71,68,78,8.54,10.87,10.87
40,2,16,0.0,84.85,1.0,0.0,171.195,270.955,0.0,68.82,308.365,0.0,0.0,0.0,19.707033498330837,31.190859905606075,0.0,7.9221825716588,35.49729480833429,0.0,0.0,0.9094048578335443,68,61,56,73,71,66,62,75,75,71,68,78,8.54,10.87,10.87
41,2,17,-1.0,85.92500000000001,0.0,0.0,0.0,0.0,0.0,0.0,0.0,0.0,0.0,0.0,0.0,0.0,0.0,0.0,0.0,0.0,0.0,0.9094048578335443,68,61,56,73,71,66,62,75,75,71,68,78,8.54,10.87,10.87
42,2,18,-1.0,86.38499999999999,0.0,0.0,0.0,0.0,0.0,0.0,0.0,0.0,0.0,0.0,0.0,0.0,0.0,0.0,0.0,0.0,0.0,0.9094048578335443,68,61,56,73,71,66,62,75,75,71,68,78,8.54,10.87,10.87
43,2,19,-2.0,87.13499999999999,0.0,0.0,0.0,0.0,0.0,0.0,0.0,0.0,0.0,0.0,0.0,0.0,0.0,0.0,0.0,0.0,0.0,0.9094048578335443,68,61,56,73,71,66,62,75,75,71,68,78,8.54,10.87,10.87
44,2,20,-2.0,87.64500000000001,0.0,0.0,0.0,0.0,0.0,0.0,0.0,0.0,0.0,0.0,0.0,0.0,0.0,0.0,0.0,0.0,0.0,0.9094048578335443,68,61,56,73,71,66,62,75,75,71,68,78,8.54,10.87,10.87
45,2,21,-2.0,88.35,0.0,0.0,0.0,0.0,0.0,0.0,0.0,0.0,0.0,0.0,0.0,0.0,0.0,0.0,0.0,0.0,0.0,0.9094048578335443,68,61,56,73,71,66,62,75,75,71,68,78,8.54,10.87,10.87
46,2,22,-2.0,88.28,0.0,0.0,0.0,0.0,0.0,0.0,0.0,0.0,0.0,0.0,0.0,0.0,0.0,0.0,0.0,0.0,0.0,0.9094048578335443,68,61,56,73,71,66,62,75,75,71,68,78,8.54,10.87,10.87
47,2,23,-2.0,88.415,0.0,0.0,0.0,0.0,0.0,0.0,0.0,0.0,0.0,0.0,0.0,0.0,0.0,0.0,0.0,0.0,0.0,0.9094048578335443,68,61,56,73,71,66,62,75,75,71,68,78,8.54,10.87,10.87
48,3,0,0.0,94.83,1.0,0.0,0.0,0.0,0.0,0.0,0.0,0.0,0.0,0.0,0.0,0.0,0.0,0.0,0.0,0.0,0.0,0.9094048578335443,70,64,60,75,73,68,65,77,77,73,70,80,1.63,10.87,10.87
49,3,1,0.0,94.46000000000001,1.0,0.0,0.0,0.0,0.0,0.0,0.0,0.0,0.0,0.0,0.0,0.0,0.0,0.0,0.0,0.0,0.0,0.9094048578335443,70,64,60,75,73,68,65,77,77,73,70,80,1.63,10.87,10.87
50,3,2,0.0,94.77,0.0,0.0,0.0,0.0,0.0,0.0,0.0,0.0,0.0,0.0,0.0,0.0,0.0,0.0,0.0,0.0,0.0,0.9094048578335443,70,64,60,75,73,68,65,77,77,73,70,80,1.63,10.87,10.87
51,3,3,0.0,94.705,0.0,0.0,0.0,0.0,0.0,0.0,0.0,0.0,0.0,0.0,0.0,0.0,0.0,0.0,0.0,0.0,0.0,0.9094048578335443,70,64,60,75,73,68,65,77,77,73,70,80,1.63,10.87,10.87
52,3,4,0.0,94.64,0.0,0.0,0.0,0.0,0.0,0.0,0.0,0.0,0.0,0.0,0.0,0.0,0.0,0.0,0.0,0.0,0.0,0.9094048578335443,70,64,60,75,73,68,65,77,77,73,70,80,1.63,10.87,10.87
53,3,5,0.0,93.65,0.0,0.0,0.0,0.0,0.0,0.0,0.0,0.0,0.0,0.0,0.0,0.0,0.0,0.0,0.0,0.0,0.0,0.9094048578335443,70,64,60,75,73,68,65,77,77,73,70,80,1.63,10.87,10.87
54,3,6,0.0,91.61500000000001,1.0,0.0,0.0,0.0,0.0,0.0,0.0,0.0,0.0,0.0,0.0,0.0,0.0,0.0,0.0,0.0,0.0,0.9094048578335443,70,64,60,75,73,68,65,77,77,73,70,80,1.63,10.87,10.87
55,3,7,0.0,87.1,2.0,0.0,42.72,241.94,0.0,135.405,204.69,0.0,0.0,0.0,4.917693104639116,27.85081155749971,0.0,15.587084148727985,23.5627949810061,0.0,0.0,0.9094048578335443,70,64,60,75,73,68,65,77,77,73,70,80,1.63,10.87,10.87
56,3,8,0.0,79.71,3.0,0.0,137.91000000000003,360.855,0.0,155.685,350.065,0.0,0.0,0.0,15.875446068838496,41.53965695867388,0.0,17.92160699896397,40.29757108322781,0.0,0.0,0.9094048578335443,70,64,60,75,73,68,65,77,77,73,70,80,8.54,10.87,10.87
57,3,9,0.0,72.88499999999999,4.0,0.0,228.29500000000002,344.94,0.0,79.30000000000001,399.53499999999997,0.0,0.0,0.0,26.280073673304937,39.70760907102567,0.0,9.128582940025325,45.99228732588926,0.0,0.0,0.9094048578335443,70,64,60,75,73,68,65,77,77,73,70,80,8.54,10.87,10.87
58,3,10,0.0,68.58500000000001,5.0,0.0,285.56,253.055,0.0,0.0,384.45000000000005,0.0,16.869999999999997,0.0,32.872107747208474,29.130309658109816,0.0,0.0,44.25578450558305,0.0,1.941982272360999,0.9094048578335443,70,64,60,75,73,68,65,77,77,73,70,80,8.54,10.87,10.87
59,3,11,0.0,66.31,6.0,0.0,303.975,128.16500000000002,0.0,0.0,306.125,0.0,123.685,0.0,34.99194198227235,14.753654886612178,0.0,0.0,35.23943824104984,0.0,14.237941752043282,0.9094048578335443,70,64,60,75,73,68,65,77,77,73,70,80,8.54,10.87,10.87
60,3,12,0.0,64.96000000000001,7.0,0.0,306.225,6.1,0.0,0.0,222.4,0.0,209.82,0.0,35.25094969494647,0.7021986876942556,0.0,0.0,25.601473466098767,0.0,24.15333256590307,0.9094048578335443,70,64,60,75,73,68,65,77,77,73,70,80,8.54,10.87,10.87
61,3,13,0.0,65.68,7.0,0.0,314.09000000000003,113.145,0.0,0.0,306.40999999999997,0.0,141.055,0.0,36.156325543916196,13.024634511338782,0.0,0.0,35.272245884655234,0.0,16.23748129388742,0.9094048578335443,70,64,60,75,73,68,65,77,77,73,70,80,8.54,10.87,10.87
62,3,14,1.0,68.035,7.0,0.0,276.145,217.005,0.0,0.0,349.975,0.0,25.950000000000003,0.0,31.788304362841025,24.980430528375734,0.0,0.0,40.28721077472085,0.0,2.9872222861747435,0.9094048578335443,70,64,60,75,73,68,65,77,77,73,70,80,8.54,10.87,10.87
63,3,15,1.0,72.2,6.0,0.0,197.935,274.435,0.0,47.565,337.96500000000003,0.0,0.0,0.0,22.785196270288935,31.5914585012087,0.0,5.4754230459307,38.90468516173593,0.0,0.0,0.9094048578335443,70,64,60,75,73,68,65,77,77,73,70,80,8.54,10.87,10.87
64,3,16,1.0,79.39,5.0,0.0,125.125,281.6,0.0,116.29,287.4,0.0,0.0,0.0,14.403706688154713,32.41625417290203,0.0,13.386669736387706,33.083918498906414,0.0,0.0,0.9094048578335443,70,64,60,75,73,68,65,77,77,73,70,80,8.54,10.87,10.87
65,3,17,1.0,88.0,4.0,0.0,34.004999999999995,154.675,0.0,84.37,135.445,0.0,0.0,0.0,3.9144698975480603,17.805341314608036,0.0,9.712213652584321,15.591688730286634,0.0,0.0,0.9094048578335443,70,64,60,75,73,68,65,77,77,73,70,80,8.54,10.87,10.87
66,3,18,1.0,90.41,3.0,0.0,0.0,0.0,0.0,0.0,0.0,0.0,0.0,0.0,0.0,0.0,0.0,0.0,0.0,0.0,0.0,0.9094048578335443,70,64,60,75,73,68,65,77,77,73,70,80,8.54,10.87,10.87
67,3,19,1.0,91.53,2.9,0.0,0.0,0.0,0.0,0.0,0.0,0.0,0.0,0.0,0.0,0.0,0.0,0.0,0.0,0.0,0.0,0.9094048578335443,70,64,60,75,73,68,65,77,77,73,70,80,8.54,10.87,10.87
68,3,20,0.0,93.125,2.0,0.0,0.0,0.0,0.0,0.0,0.0,0.0,0.0,0.0,0.0,0.0,0.0,0.0,0.0,0.0,0.0,0.9094048578335443,70,64,60,75,73,68,65,77,77,73,70,80,8.54,10.87,10.87
69,3,21,0.0,93.88,2.0,0.0,0.0,0.0,0.0,0.0,0.0,0.0,0.0,0.0,0.0,0.0,0.0,0.0,0.0,0.0,0.0,0.9094048578335443,70,64,60,75,73,68,65,77,77,73,70,80,8.54,10.87,10.87
70,3,22,0.0,94.685,1.0,0.0,0.0,0.0,0.0,0.0,0.0,0.0,0.0,0.0,0.0,0.0,0.0,0.0,0.0,0.0,0.0,0.9094048578335443,70,64,60,75,73,68,65,77,77,73,70,80,8.54,10.87,10.87
71,3,23,0.0,95.345,1.0,0.0,0.0,0.0,0.0,0.0,0.0,0.0,0.0,0.0,0.0,0.0,0.0,0.0,0.0,0.0,0.0,0.9094048578335443,70,64,60,75,73,68,65,77,77,73,70,80,8.54,10.87,10.87
72,4,0,4.0,99.49000000000001,6.0,0.0,0.0,0.0,0.0,0.0,0.0,0.0,0.0,0.0,0.0,0.0,0.0,0.0,0.0,0.0,0.0,0.9094048578335443,71,65,61,75,74,69,66,77,78,73,71,80,1.63,10.87,10.87
73,4,1,4.0,99.975,6.0,0.0,0.0,0.0,0.0,0.0,0.0,0.0,0.0,0.0,0.0,0.0,0.0,0.0,0.0,0.0,0.0,0.9094048578335443,71,65,61,75,74,69,66,77,78,73,71,80,1.63,10.87,10.87
74,4,2,4.0,100.0,5.0,0.0,0.0,0.0,0.0,0.0,0.0,0.0,0.0,0.0,0.0,0.0,0.0,0.0,0.0,0.0,0.0,0.9094048578335443,71,65,61,75,74,69,66,77,78,73,71,80,1.63,10.87,10.87
75,4,3,4.0,100.0,5.0,0.0,0.0,0.0,0.0,0.0,0.0,0.0,0.0,0.0,0.0,0.0,0.0,0.0,0.0,0.0,0.0,0.9094048578335443,71,65,61,75,74,69,66,77,78,73,71,80,1.63,10.87,10.87
76,4,4,4.0,100.0,5.0,0.0,0.0,0.0,0.0,0.0,0.0,0.0,0.0,0.0,0.0,0.0,0.0,0.0,0.0,0.0,0.0,0.9094048578335443,71,65,61,75,74,69,66,77,78,73,71,80,1.63,10.87,10.87
77,4,5,4.0,98.93,5.0,0.0,0.0,0.0,0.0,0.0,0.0,0.0,0.0,0.0,0.0,0.0,0.0,0.0,0.0,0.0,0.0,0.9094048578335443,71,65,61,75,74,69,66,77,78,73,71,80,1.63,10.87,10.87
78,4,6,4.0,92.995,6.0,14.215,0.0,148.04000000000002,0.0,116.01,92.765,0.0,0.0,1.6363531714055486,0.0,17.04155634856682,0.0,13.35443766547715,10.67860020720617,0.0,0.0,0.9094048578335443,71,65,61,75,74,69,66,77,78,73,71,80,1.63,10.87,10.87
79,4,7,4.0,84.53999999999999,8.0,0.0,5.175000000000001,327.765,0.0,221.82,241.55,0.0,0.0,0.0,0.5957177391504547,37.730516864279956,0.0,25.53470703349833,27.805916887302864,0.0,0.0,0.9094048578335443,71,65,61,75,74,69,66,77,78,73,71,80,1.63,10.87,10.87
80,4,8,4.0,74.89,10.0,0.0,88.57499999999999,376.645,0.0,205.72500000000002,334.81,0.0,0.0,0.0,10.196270288937493,43.357315528951304,0.0,23.68193852883619,38.54149879129734,0.0,0.0,0.9094048578335443,71,65,61,75,74,69,66,77,78,73,71,80,8.54,10.87,10.87
81,4,9,4.0,68.92500000000001,11.0,0.0,187.95999999999998,395.305,0.0,143.51999999999998,413.475,0.0,0.0,0.0,21.63692874410038,45.50535282606193,0.0,16.521238632439278,47.596983999079086,0.0,0.0,0.9094048578335443,71,65,61,75,74,69,66,77,78,73,71,80,8.54,10.87,10.87
82,4,10,4.6,64.42,12.0,0.0,249.07999999999998,272.57000000000005,0.0,6.905,365.95,0.0,0.0,0.0,28.67272936571889,31.37676988603661,0.0,0.7948658915621043,42.12616553470703,0.0,0.0,0.9094048578335443,71,65,61,75,74,69,66,77,78,73,71,80,8.54,10.87,10.87
83,4,11,5.0,61.535,13.0,0.0,253.715,122.525,0.0,0.0,265.26,0.0,93.255,0.0,29.206285253827556,14.104408886842407,0.0,0.0,30.535282606193164,0.0,10.735006331299644,0.9094048578335443,71,65,61,75,74,69,66,77,78,73,71,80,8.54,10.87,10.87
84,4,12,5.0,60.99,13.0,0.0,253.495,5.675,0.0,0.0,186.125,0.0,170.765,0.0,29.180960055254978,0.6532750086335903,0.0,0.0,21.42569356509727,0.0,19.65753424657534,0.9094048578335443,71,65,61,75,74,69,66,77,78,73,71,80,8.54,10.87,10.87
85,4,13,5.0,60.76,13.649999999999999,0.0,237.585,136.56,0.0,0.0,268.905,0.0,74.53,0.0,27.349487740301598,15.720041441234027,0.0,0.0,30.95487510072522,0.0,8.579486589156211,0.9094048578335443,71,65,61,75,74,69,66,77,78,73,71,80,8.54,10.87,10.87
86,4,14,5.0,61.93,13.0,0.0,211.265,261.44,0.0,14.85,334.75,0.0,0.0,0.0,24.319673074709335,30.095545067342005,0.0,1.7094509036491308,38.534591918959364,0.0,0.0,0.9094048578335443,71,65,61,75,74,69,66,77,78,73,71,80,8.54,10.87,10.87
87,4,15,6.0,65.57,13.0,0.0,136.945,315.54,0.0,118.30000000000001,328.235,0.0,0.0,0.0,15.764360538736042,36.323241625417296,0.0,13.61804995970991,37.78462069759411,0.0,0.0,0.9094048578335443,71,65,61,75,74,69,66,77,78,73,71,80,8.54,10.87,10.87
88,4,16,6.0,71.76,12.0,0.0,64.46000000000001,327.66,0.0,183.14999999999998,282.015,0.0,0.0,0.0,7.420283181765857,37.718429837688504,0.0,21.083227811672614,32.46402670657304,0.0,0.0,0.9094048578335443,71,65,61,75,74,69,66,77,78,73,71,80,8.54,10.87,10.87
89,4,17,7.0,82.78999999999999,11.0,0.0,0.0,237.29500000000002,0.0,160.71499999999997,172.8,0.0,0.0,0.0,0.0,27.316104524001382,0.0,18.500633129964314,19.891792333371704,0.0,0.0,0.9094048578335443,71,65,61,75,74,69,66,77,78,73,71,80,8.54,10.87,10.87
90,4,18,6.0,90.315,9.0,0.0,0.0,0.0,0.0,0.0,0.0,0.0,0.0,0.0,0.0,0.0,0.0,0.0,0.0,0.0,0.0,0.9094048578335443,71,65,61,75,74,69,66,77,78,73,71,80,8.54,10.87,10.87
91,4,19,6.0,92.91,8.0,0.0,0.0,0.0,0.0,0.0,0.0,0.0,0.0,0.0,0.0,0.0,0.0,0.0,0.0,0.0,0.0,0.9094048578335443,71,65,61,75,74,69,66,77,78,73,71,80,8.54,10.87,10.87
92,4,20,6.0,94.96000000000001,8.0,0.0,0.0,0.0,0.0,0.0,0.0,0.0,0.0,0.0,0.0,0.0,0.0,0.0,0.0,0.0,0.0,0.9094048578335443,71,65,61,75,74,69,66,77,78,73,71,80,8.54,10.87,10.87
93,4,21,5.0,96.47999999999999,7.0,0.0,0.0,0.0,0.0,0.0,0.0,0.0,0.0,0.0,0.0,0.0,0.0,0.0,0.0,0.0,0.0,0.9094048578335443,71,65,61,75,74,69,66,77,78,73,71,80,8.54,10.87,10.87
94,4,22,5.0,97.65,7.0,0.0,0.0,0.0,0.0,0.0,0.0,0.0,0.0,0.0,0.0,0.0,0.0,0.0,0.0,0.0,0.0,0.9094048578335443,71,65,61,75,74,69,66,77,78,73,71,80,8.54,10.87,10.87
95,4,23,5.0,98.49000000000001,6.15,0.0,0.0,0.0,0.0,0.0,0.0,0.0,0.0,0.0,0.0,0.0,0.0,0.0,0.0,0.0,0.0,0.9094048578335443,71,65,61,75,74,69,66,77,78,73,71,80,8.54,10.87,10.87
96,5,0,11.0,100.0,12.0,0.0,0.0,0.0,0.0,0.0,0.0,0.0,0.0,0.0,0.0,0.0,0.0,0.0,0.0,0.0,0.0,0.9094048578335443,71,65,61,75,74,69,66,77,78,73,71,80,1.63,10.87,10.87
97,5,1,10.0,100.0,11.0,0.0,0.0,0.0,0.0,0.0,0.0,0.0,0.0,0.0,0.0,0.0,0.0,0.0,0.0,0.0,0.0,0.9094048578335443,71,65,61,75,74,69,66,77,78,73,71,80,1.63,10.87,10.87
98,5,2,9.25,100.0,11.0,0.0,0.0,0.0,0.0,0.0,0.0,0.0,0.0,0.0,0.0,0.0,0.0,0.0,0.0,0.0,0.0,0.9094048578335443,71,65,61,75,74,69,66,77,78,73,71,80,1.63,10.87,10.87
99,5,3,9.0,100.0,11.0,0.0,0.0,0.0,0.0,0.0,0.0,0.0,0.0,0.0,0.0,0.0,0.0,0.0,0.0,0.0,0.0,0.9094048578335443,71,65,61,75,74,69,66,77,78,73,71,80,1.63,10.87,10.87
100,5,4,9.0,100.0,11.0,0.0,0.0,0.0,0.0,0.0,0.0,0.0,0.0,0.0,0.0,0.0,0.0,0.0,0.0,0.0,0.0,0.9094048578335443,71,65,61,75,74,69,66,77,78,73,71,80,1.63,10.87,10.87
101,5,5,10.0,98.685,11.1,9.275,0.0,23.34,0.0,22.96,9.715,0.0,0.0,1.0676873489121677,0.0,2.6867733394727753,0.0,2.643029814665592,1.118337746057327,0.0,0.0,0.9094048578335443,71,65,61,75,74,69,66,77,78,73,71,80,1.63,10.87,10.87
102,5,6,11.0,92.50999999999999,13.0,49.834999999999994,0.0,207.91000000000003,0.0,181.615,113.845,0.0,0.0,5.736733049384137,0.0,23.933463796477497,0.0,20.906526994359385,13.10521468861517,0.0,0.0,0.9094048578335443,71,65,61,75,74,69,66,77,78,73,71,80,1.63,10.87,10.87
103,5,7,11.0,85.37,14.0,13.61,0.0,284.725,0.0,217.655,186.48,0.0,0.0,1.5667088753309542,0.0,32.775987107171645,0.0,25.055254978703807,21.4665592264303,0.0,0.0,0.9094048578335443,71,65,61,75,74,69,66,77,78,73,71,80,1.63,10.87,10.87
104,5,8,11.0,77.39,15.149999999999999,0.0,25.645,306.095,0.0,196.185,238.20999999999998,0.0,0.0,0.0,2.952112351790031,35.23598480488086,0.0,22.58374582709796,27.421434327155517,0.0,0.0,0.9094048578335443,71,65,61,75,74,69,66,77,78,73,71,80,8.54,10.87,10.87
105,5,9,11.0,71.30000000000001,17.0,0.0,99.36500000000001,327.955,0.0,157.57999999999998,306.015,0.0,0.0,0.0,11.43835616438356,37.75238862668355,0.0,18.139749050305053,35.22677564176355,0.0,0.0,0.9094048578335443,71,65,61,75,74,69,66,77,78,73,71,80,8.54,10.87,10.87
106,5,10,11.0,67.735,18.0,0.0,140.665,213.985,0.0,48.44,248.68,0.0,0.0,0.0,16.192586623690573,24.632784620697592,0.0,5.576148267526188,28.62668355013238,0.0,0.0,0.9094048578335443,71,65,61,75,74,69,66,77,78,73,71,80,8.54,10.87,10.87
107,5,11,11.0,65.24000000000001,18.0,0.0,162.065,100.615,0.0,0.0,184.445,0.0,45.0,0.0,18.65603775756878,11.582249338091401,0.0,0.0,21.232301139633933,0.0,5.180154253482215,0.9094048578335443,71,65,61,75,74,69,66,77,78,73,71,80,8.54,10.87,10.87
108,5,12,11.0,63.78,19.0,0.0,175.6,14.71,0.0,0.0,134.735,0.0,113.56,0.0,20.214113042477265,1.6933348681938527,0.0,0.0,15.509957407620583,0.0,13.072407045009783,0.9094048578335443,71,65,61,75,74,69,66,77,78,73,71,80,8.54,10.87,10.87
109,5,13,12.0,64.48,19.0,0.0,148.04500000000002,123.515,0.0,0.0,194.05,0.0,17.425,0.0,17.042131921261657,14.218372280419015,0.0,0.0,22.337976286404974,0.0,2.0058708414872797,0.9094048578335443,71,65,61,75,74,69,66,77,78,73,71,80,8.54,10.87,10.87
110,5,14,12.0,66.83,19.0,0.0,123.08,224.75,0.0,67.88,246.07,0.0,0.0,0.0,14.168297455968688,25.871992632669503,0.0,7.813974905030504,28.32623460343041,0.0,0.0,0.9094048578335443,71,65,61,75,74,69,66,77,78,73,71,80,8.54,10.87,10.87
111,5,15,12.0,69.9,18.0,0.0,68.13,269.525,0.0,141.935,238.13,0.0,0.0,0.0,7.842753539772073,31.02624611488431,0.0,16.338782088177737,27.41222516403822,0.0,0.0,0.9094048578335443,71,65,61,75,74,69,66,77,78,73,71,80,8.54,10.87,10.87
112,5,16,12.0,74.72,18.0,0.0,7.85,314.935,0.0,209.95,235.02499999999998,0.0,0.0,0.0,0.9036491308852308,36.253597329342696,0.0,24.168297455968688,27.054794520547944,0.0,0.0,0.9094048578335443,71,65,61,75,74,69,66,77,78,73,71,80,8.54,10.87,10.87
113,5,17,13.0,82.37,17.0,23.25,0.0,231.57999999999998,0.0,181.175,146.465,0.0,0.0,2.6764130309658105,0.0,26.658224933809137,0.0,20.855876597214227,16.860250949694944,0.0,0.0,0.9094048578335443,71,65,61,75,74,69,66,77,78,73,71,80,8.54,10.87,10.87
114,5,18,13.0,91.745,15.0,24.880000000000003,0.0,92.12,0.0,82.91,46.91,0.0,0.0,2.8640497294808336,0.0,10.604351329572925,0.0,9.544146425693565,5.400023022907793,0.0,0.0,0.9094048578335443,71,65,61,75,74,69,66,77,78,73,71,80,8.54,10.87,10.87
115,5,19,12.0,95.53,14.0,0.0,0.0,0.0,0.0,0.0,0.0,0.0,0.0,0.0,0.0,0.0,0.0,0.0,0.0,0.0,0.0,0.9094048578335443,71,65,61,75,74,69,66,77,78,73,71,80,8.54,10.87,10.87
116,5,20,11.0,97.6,13.0,0.0,0.0,0.0,0.0,0.0,0.0,0.0,0.0,0.0,0.0,0.0,0.0,0.0,0.0,0.0,0.0,0.9094048578335443,71,65,61,75,74,69,66,77,78,73,71,80,8.54,10.87,10.87
117,5,21,11.0,98.6,13.0,0.0,0.0,0.0,0.0,0.0,0.0,0.0,0.0,0.0,0.0,0.0,0.0,0.0,0.0,0.0,0.0,0.9094048578335443,71,65,61,75,74,69,66,77,78,73,71,80,8.54,10.87,10.87
118,5,22,11.0,99.72,12.0,0.0,0.0,0.0,0.0,0.0,0.0,0.0,0.0,0.0,0.0,0.0,0.0,0.0,0.0,0.0,0.0,0.9094048578335443,71,65,61,75,74,69,66,77,78,73,71,80,8.54,10.87,10.87
119,5,23,11.0,100.0,12.0,0.0,0.0,0.0,0.0,0.0,0.0,0.0,0.0,0.0,0.0,0.0,0.0,0.0,0.0,0.0,0.0,0.9094048578335443,71,65,61,75,74,69,66,77,78,73,71,80,8.54,10.87,10.87
120,6,0,16.0,100.0,17.0,0.0,0.0,0.0,0.0,0.0,0.0,0.0,0.0,0.0,0.0,0.0,0.0,0.0,0.0,0.0,0.0,0.9094048578335443,72,66,62,76,75,70,67,78,78,74,72,81,1.63,10.87,12.434
121,6,1,16.0,100.0,17.0,0.0,0.0,0.0,0.0,0.0,0.0,0.0,0.0,0.0,0.0,0.0,0.0,0.0,0.0,0.0,0.0,0.9094048578335443,72,66,62,76,75,70,67,78,78,74,72,81,1.63,10.87,12.434
122,6,2,16.0,100.0,17.0,0.0,0.0,0.0,0.0,0.0,0.0,0.0,0.0,0.0,0.0,0.0,0.0,0.0,0.0,0.0,0.0,0.9094048578335443,72,66,62,76,75,70,67,78,78,74,72,81,1.63,10.87,12.434
123,6,3,16.0,100.0,17.0,0.0,0.0,0.0,0.0,0.0,0.0,0.0,0.0,0.0,0.0,0.0,0.0,0.0,0.0,0.0,0.0,0.9094048578335443,72,66,62,76,75,70,67,78,78,74,72,81,1.63,10.87,12.434
124,6,4,16.0,100.0,17.0,0.0,0.0,0.0,0.0,0.0,0.0,0.0,0.0,0.0,0.0,0.0,0.0,0.0,0.0,0.0,0.0,0.9094048578335443,72,66,62,76,75,70,67,78,78,74,72,81,1.63,10.87,12.434
125,6,5,16.0,98.07499999999999,18.0,49.35,0.0,98.525,0.0,104.63999999999999,34.81,0.0,0.0,5.680902497985495,0.0,11.341659951651893,0.0,12.045585357430642,4.007137101415909,0.0,0.0,0.9094048578335443,72,66,62,76,75,70,67,78,78,74,72,81,1.63,10.87,12.434
126,6,6,16.0,91.155,19.0,82.97,0.0,265.27,0.0,245.78,129.47,0.0,0.0,9.55105329803154,0.0,30.536433751582823,0.0,28.29285138713019,14.903879359963161,0.0,0.0,0.9094048578335443,72,66,62,76,75,70,67,78,78,74,72,81,1.63,10.87,12.434
127,6,7,16.0,82.93,20.0,51.144999999999996,0.0,343.195,0.0,279.42999999999995,206.70999999999998,0.0,0.0,5.887533095429953,0.0,39.50673420052952,0.0,32.16645562334523,23.795326349717968,0.0,0.0,0.9094048578335443,72,66,62,76,75,70,67,78,78,74,72,81,1.63,10.87,12.434
128,6,8,16.0,75.695,22.0,0.0,2.5949999999999998,390.145,0.0,273.45500000000004,284.12,0.0,0.0,0.0,0.29872222861747433,44.91136180499596,0.0,31.478646253021758,32.70634281109703,0.0,0.0,0.9094048578335443,72,66,62,76,75,70,67,78,78,74,72,81,23.07,10.87,12.434
129,6,9,16.0,70.625,23.0,0.0,77.89,361.82500000000005,0.0,200.615,310.65,0.0,0.0,0.0,8.966271440082881,41.65131806147116,0.0,23.093703234718543,35.76033152987222,0.0,0.0,0.9094048578335443,72,66,62,76,75,70,67,78,78,74,72,81,23.07,10.87,12.434
130,6,10,16.0,66.975,23.95,0.0,128.595,255.285,0.0,86.745,271.24,0.0,0.0,0.0,14.803154138367674,29.387015080004602,0.0,9.985610682629215,31.223667549211463,0.0,0.0,0.9094048578335443,72,66,62,76,75,70,67,78,78,74,72,81,23.07,10.87,12.434
131,6,11,16.0,64.96,24.0,0.0,150.72,117.09,0.0,0.0,189.95,0.0,22.509999999999998,0.0,17.350063312996433,13.478761367560722,0.0,0.0,21.86600667664326,0.0,2.59122827213077,0.9094048578335443,72,66,62,76,75,70,67,78,78,74,72,81,23.07,10.87,12.434
132,6,12,16.0,63.765,24.0,0.0,161.35,5.245,0.0,0.0,121.91999999999999,0.0,108.28999999999999,0.0,18.573730862207896,0.6037757568780937,0.0,0.0,14.034764590767814,0.0,12.465753424657533,0.9094048578335443,72,66,62,76,75,70,67,78,78,74,72,81,23.07,10.87,12.434
133,6,13,16.0,64.115,24.0,0.0,137.39499999999998,124.245,0.0,0.0,184.63,0.0,9.67,0.0,15.816162081270862,14.302405893864394,0.0,0.0,21.253597329342696,0.0,1.1131575918038448,0.9094048578335443,72,66,62,76,75,70,67,78,78,74,72,81,23.07,10.87,12.434
134,6,14,17.0,65.505,24.0,0.0,98.07,212.11,0.0,81.06,220.165,0.0,0.0,0.0,11.28928283642224,24.416944860135835,0.0,9.331184528605963,25.344192471509153,0.0,0.0,0.9094048578335443,72,66,62,76,75,70,67,78,78,74,72,81,23.07,10.87,12.434
135,6,15,17.0,67.805,24.0,0.0,51.7,284.96000000000004,0.0,164.575,238.25,0.0,0.0,0.0,5.951421664556234,32.8030390238287,0.0,18.94497525037412,27.42603890871417,0.0,0.0,0.9094048578335443,72,66,62,76,75,70,67,78,78,74,72,81,23.07,10.87,12.434
136,6,16,17.0,71.68,23.0,1.05,0.0,281.32500000000005,0.0,199.54500000000002,198.245,0.0,0.0,0.12087026591458501,0.0,32.38459767468631,0.0,22.97053067802463,22.82088177736848,0.0,0.0,0.9094048578335443,72,66,62,76,75,70,67,78,78,74,72,81,23.07,10.87,12.434
137,6,17,17.0,78.095,22.0,43.495000000000005,0.0,260.96500000000003,0.0,215.475,153.165,0.0,0.0,5.006906872337977,0.0,30.040865661333026,0.0,24.804305283757337,17.631518360768965,0.0,0.0,0.9094048578335443,72,66,62,76,75,70,67,78,78,74,72,81,23.07,10.87,12.434
138,6,18,18.0,87.27000000000001,21.0,56.325,0.0,169.16000000000003,0.0,159.32,79.645,0.0,0.0,6.483826407275238,0.0,19.472775411534474,0.0,18.340048348106365,9.168297455968688,0.0,0.0,0.9094048578335443,72,66,62,76,75,70,67,78,78,74,72,81,23.07,10.87,12.434
139,6,19,17.0,92.775,20.0,0.0,0.0,0.0,0.0,0.0,0.0,0.0,0.0,0.0,0.0,0.0,0.0,0.0,0.0,0.0,0.0,0.9094048578335443,72,66,62,76,75,70,67,78,78,74,72,81,23.07,10.87,12.434
140,6,20,17.0,95.43,19.0,0.0,0.0,0.0,0.0,0.0,0.0,0.0,0.0,0.0,0.0,0.0,0.0,0.0,0.0,0.0,0.0,0.9094048578335443,72,66,62,76,75,70,67,78,78,74,72,81,23.07,10.87,12.434
141,6,21,17.0,97.22,19.0,0.0,0.0,0.0,0.0,0.0,0.0,0.0,0.0,0.0,0.0,0.0,0.0,0.0,0.0,0.0,0.0,0.9094048578335443,72,66,62,76,75,70,67,78,78,74,72,81,23.07,10.87,12.434
142,6,22,17.0,99.10499999999999,18.0,0.0,0.0,0.0,0.0,0.0,0.0,0.0,0.0,0.0,0.0,0.0,0.0,0.0,0.0,0.0,0.0,0.9094048578335443,72,66,62,76,75,70,67,78,78,74,72,81,23.07,10.87,12.434
143,6,23,17.0,100.0,18.0,0.0,0.0,0.0,0.0,0.0,0.0,0.0,0.0,0.0,0.0,0.0,0.0,0.0,0.0,0.0,0.0,0.9094048578335443,72,66,62,76,75,70,67,78,78,74,72,81,23.07,10.87,12.434
144,7,0,19.0,98.07,20.75,0.0,0.0,0.0,0.0,0.0,0.0,0.0,0.0,0.0,0.0,0.0,0.0,0.0,0.0,0.0,0.0,0.9094048578335443,72,66,62,76,75,70,67,78,78,74,72,81,1.63,10.87,12.434
145,7,1,19.0,99.025,20.0,0.0,0.0,0.0,0.0,0.0,0.0,0.0,0.0,0.0,0.0,0.0,0.0,0.0,0.0,0.0,0.0,0.9094048578335443,72,66,62,76,75,70,67,78,78,74,72,81,1.63,10.87,12.434
146,7,2,19.0,99.85,20.0,0.0,0.0,0.0,0.0,0.0,0.0,0.0,0.0,0.0,0.0,0.0,0.0,0.0,0.0,0.0,0.0,0.9094048578335443,72,66,62,76,75,70,67,78,78,74,72,81,1.63,10.87,12.434
147,7,3,19.0,100.0,20.0,0.0,0.0,0.0,0.0,0.0,0.0,0.0,0.0,0.0,0.0,0.0,0.0,0.0,0.0,0.0,0.0,0.9094048578335443,72,66,62,76,75,70,67,78,78,74,72,81,1.63,10.87,12.434
148,7,4,19.0,100.0,20.0,0.0,0.0,0.0,0.0,0.0,0.0,0.0,0.0,0.0,0.0,0.0,0.0,0.0,0.0,0.0,0.0,0.9094048578335443,72,66,62,76,75,70,67,78,78,74,72,81,1.63,10.87,12.434
149,7,5,19.0,95.99000000000001,20.0,32.870000000000005,0.0,68.53,0.0,71.84,24.835,0.0,0.0,3.783814895821342,0.0,7.888799355358581,0.0,8.26982847933694,2.858869575227351,0.0,0.0,0.9094048578335443,72,66,62,76,75,70,67,78,78,74,72,81,1.63,10.87,12.434
150,7,6,19.0,87.845,22.0,84.61,0.0,294.61,0.0,267.7,146.39999999999998,0.0,0.0,9.739841141936225,0.0,33.91389432485323,0.0,30.81616208127086,16.852768504662137,0.0,0.0,0.9094048578335443,72,66,62,76,75,70,67,78,78,74,72,81,1.63,10.87,12.434
151,7,7,19.0,78.33500000000001,23.0,52.254999999999995,0.0,419.19,0.0,332.78999999999996,258.565,0.0,0.0,6.015310233682515,0.0,48.254863589271324,0.0,38.30896742258547,29.76459076781397,0.0,0.0,0.9094048578335443,72,66,62,76,75,70,67,78,78,74,72,81,1.63,10.87,12.434
152,7,8,18.0,69.73,25.0,0.0,8.22,448.03,0.0,304.40999999999997,329.865,0.0,0.0,0.0,0.9462415103027513,51.574766893058595,0.0,35.042016806722685,37.97225739610913,0.0,0.0,0.9094048578335443,72,66,62,76,75,70,67,78,78,74,72,81,23.07,10.87,12.434
153,7,9,18.0,64.60499999999999,26.0,0.0,93.78,408.07,0.0,218.16,356.76,0.0,0.0,0.0,10.795441464256935,46.97478991596638,0.0,25.113387820881776,41.068262921607,0.0,0.0,0.9094048578335443,72,66,62,76,75,70,67,78,78,74,72,81,23.07,10.87,12.434
154,7,10,18.0,61.245000000000005,27.0,0.0,158.54000000000002,297.09000000000003,0.0,95.16999999999999,320.06,0.0,0.0,0.0,18.25025900771267,34.19937838148958,0.0,10.955450673420053,36.84355934154483,0.0,0.0,0.9094048578335443,72,66,62,76,75,70,67,78,78,74,72,81,23.07,10.87,12.434
155,7,11,18.0,59.465,27.0,0.0,186.13,144.08499999999998,0.0,0.0,232.99,0.0,27.47,0.0,21.4262691377921,16.58627834695522,0.0,0.0,26.82053643375158,0.0,3.1621963854034765,0.9094048578335443,72,66,62,76,75,70,67,78,78,74,72,81,23.07,10.87,12.434
156,7,12,18.0,58.254999999999995,27.299999999999997,0.0,173.32999999999998,1.7850000000000001,0.0,0.0,124.77,0.0,120.565,0.0,19.952803039023827,0.2054794520547945,0.0,0.0,14.362841026821688,0.0,13.878784390468516,0.9094048578335443,72,66,62,76,75,70,67,78,78,74,72,81,23.07,10.87,12.434
157,7,13,18.0,57.86,27.6,0.0,157.695,116.365,0.0,0.0,194.995,0.0,25.725,0.0,18.15298722228617,13.395303326810176,0.0,0.0,22.446759525728098,0.0,2.9613215149073326,0.9094048578335443,72,66,62,76,75,70,67,78,78,74,72,81,23.07,10.87,12.434
158,7,14,18.0,58.504999999999995,27.0,0.0,124.97999999999999,231.5,0.0,71.71,251.85500000000002,0.0,0.0,0.0,14.387015080004604,26.649015770691836,0.0,8.254863589271324,28.992172211350294,0.0,0.0,0.9094048578335443,72,66,62,76,75,70,67,78,78,74,72,81,23.07,10.87,12.434
159,7,15,18.0,60.335,27.0,0.0,73.67,316.855,0.0,170.62,276.56,0.0,0.0,0.0,8.480488085645217,36.47461724415793,0.0,19.640842638425234,31.836076896512026,0.0,0.0,0.9094048578335443,72,66,62,76,75,70,67,78,78,74,72,81,23.07,10.87,12.434
160,7,16,18.0,64.07,26.0,0.0,7.87,334.885,0.0,227.36,247.04500000000002,0.0,0.0,0.0,0.9059514216645561,38.550132381719806,0.0,26.172441579371473,28.438471278922528,0.0,0.0,0.9094048578335443,72,66,62,76,75,70,67,78,78,74,72,81,23.07,10.87,12.434
161,7,17,19.0,69.53999999999999,25.0,33.83,0.0,285.685,0.0,226.455,177.495,0.0,0.0,3.8943248532289623,0.0,32.88649706457925,0.0,26.068262921606998,20.43225509381835,0.0,0.0,0.9094048578335443,72,66,62,76,75,70,67,78,78,74,72,81,23.07,10.87,12.434
162,7,18,19.0,79.345,24.0,48.58,0.0,171.19,0.0,154.95,86.025,0.0,0.0,5.592264302981466,0.0,19.70645792563601,0.0,17.83699781282376,9.9027282145735,0.0,0.0,0.9094048578335443,72,66,62,76,75,70,67,78,78,74,72,81,23.07,10.87,12.434
163,7,19,19.0,85.565,23.0,0.0,0.0,0.0,0.0,0.0,0.0,0.0,0.0,0.0,0.0,0.0,0.0,0.0,0.0,0.0,0.0,0.9094048578335443,72,66,62,76,75,70,67,78,78,74,72,81,23.07,10.87,12.434
164,7,20,19.0,89.44,22.0,0.0,0.0,0.0,0.0,0.0,0.0,0.0,0.0,0.0,0.0,0.0,0.0,0.0,0.0,0.0,0.0,0.9094048578335443,72,66,62,76,75,70,67,78,78,74,72,81,23.07,10.87,12.434
165,7,21,19.0,92.35,22.0,0.0,0.0,0.0,0.0,0.0,0.0,0.0,0.0,0.0,0.0,0.0,0.0,0.0,0.0,0.0,0.0,0.9094048578335443,72,66,62,76,75,70,67,78,78,74,72,81,23.07,10.87,12.434
166,7,22,19.0,95.195,21.0,0.0,0.0,0.0,0.0,0.0,0.0,0.0,0.0,0.0,0.0,0.0,0.0,0.0,0.0,0.0,0.0,0.9094048578335443,72,66,62,76,75,70,67,78,78,74,72,81,23.07,10.87,12.434
167,7,23,19.0,96.78,21.0,0.0,0.0,0.0,0.0,0.0,0.0,0.0,0.0,0.0,0.0,0.0,0.0,0.0,0.0,0.0,0.0,0.9094048578335443,72,66,62,76,75,70,67,78,78,74,72,81,23.07,10.87,12.434
168,8,0,19.0,96.325,20.0,0.0,0.0,0.0,0.0,0.0,0.0,0.0,0.0,0.0,0.0,0.0,0.0,0.0,0.0,0.0,0.0,0.9094048578335443,72,66,62,76,75,70,67,78,78,74,72,81,1.63,10.87,12.434
169,8,1,19.0,97.34,20.0,0.0,0.0,0.0,0.0,0.0,0.0,0.0,0.0,0.0,0.0,0.0,0.0,0.0,0.0,0.0,0.0,0.9094048578335443,72,66,62,76,75,70,67,78,78,74,72,81,1.63,10.87,12.434
170,8,2,18.0,98.435,20.0,0.0,0.0,0.0,0.0,0.0,0.0,0.0,0.0,0.0,0.0,0.0,0.0,0.0,0.0,0.0,0.0,0.9094048578335443,72,66,62,76,75,70,67,78,78,74,72,81,1.63,10.87,12.434
171,8,3,18.0,99.17500000000001,20.0,0.0,0.0,0.0,0.0,0.0,0.0,0.0,0.0,0.0,0.0,0.0,0.0,0.0,0.0,0.0,0.0,0.9094048578335443,72,66,62,76,75,70,67,78,78,74,72,81,1.63,10.87,12.434
172,8,4,18.0,99.555,19.0,0.0,0.0,0.0,0.0,0.0,0.0,0.0,0.0,0.0,0.0,0.0,0.0,0.0,0.0,0.0,0.0,0.9094048578335443,72,66,62,76,75,70,67,78,78,74,72,81,1.63,10.87,12.434
173,8,5,18.0,97.345,20.0,0.0,0.0,0.0,0.0,0.0,0.0,0.0,0.0,0.0,0.0,0.0,0.0,0.0,0.0,0.0,0.0,0.9094048578335443,72,66,62,76,75,70,67,78,78,74,72,81,1.63,10.87,12.434
174,8,6,18.0,89.5,21.0,34.79,0.0,227.075,0.0,188.04000000000002,131.39,0.0,0.0,4.004834810636583,0.0,26.139633935766085,0.0,21.64613790721768,15.124899274778404,0.0,0.0,0.9094048578335443,72,66,62,76,75,70,67,78,78,74,72,81,1.63,10.87,12.434
175,8,7,18.0,79.58500000000001,23.0,0.0,0.0,394.08000000000004,0.0,277.435,275.58,0.0,0.0,0.0,0.0,45.36433751582825,0.0,31.936802118107515,31.723264648325078,0.0,0.0,0.9094048578335443,72,66,62,76,75,70,67,78,78,74,72,81,1.63,10.87,12.434
176,8,8,18.0,69.73,24.549999999999997,0.0,59.955,449.52,0.0,259.435,371.635,0.0,0.0,0.0,6.901692183722805,51.74628755611833,0.0,29.864740416714632,42.78059168873028,0.0,0.0,0.9094048578335443,72,66,62,76,75,70,67,78,78,74,72,81,23.07,10.87,12.434
177,8,9,17.7,63.705,26.0,0.0,155.70499999999998,430.405,0.0,174.89499999999998,414.89,0.0,0.0,0.0,17.923909289743293,49.54587314377805,0.0,20.132957292506042,47.759871071716354,0.0,0.0,0.9094048578335443,72,66,62,76,75,70,67,78,78,74,72,81,23.07,10.87,12.434
178,8,10,17.0,60.155,26.7,0.0,233.93,320.895,0.0,33.760000000000005,393.81,0.0,0.0,0.0,26.928744100379877,36.939679981581676,0.0,3.8862668355013237,45.33325659030736,0.0,0.0,0.9094048578335443,72,66,62,76,75,70,67,78,78,74,72,81,23.07,10.87,12.434
179,8,11,17.0,57.33,27.0,0.0,271.33,158.785,0.0,0.0,310.86,0.0,71.555,0.0,31.234027857718427,18.278462069759406,0.0,0.0,35.784505583055136,0.0,8.237020835731553,0.9094048578335443,72,66,62,76,75,70,67,78,78,74,72,81,23.07,10.87,12.434
180,8,12,17.0,55.915,27.95,0.0,250.685,2.1950000000000003,0.0,0.0,179.2,0.0,175.36,0.0,28.857488200759754,0.2526764130309658,0.0,0.0,20.62852538275584,0.0,20.186485553125358,0.9094048578335443,72,66,62,76,75,70,67,78,78,74,72,81,23.07,10.87,12.434
181,8,13,17.0,55.75,28.0,0.0,211.365,124.17500000000001,0.0,0.0,237.41500000000002,0.0,61.99,0.0,24.33118452860596,14.294347876136754,0.0,0.0,27.329918268677332,0.0,7.1359502705191655,0.9094048578335443,72,66,62,76,75,70,67,78,78,74,72,81,23.07,10.87,12.434
182,8,14,17.0,56.480000000000004,27.0,0.0,182.555,244.26,0.0,36.47,300.67499999999995,0.0,0.0,0.0,21.01473466098768,28.11787728790146,0.0,4.198227236099919,34.612064003683656,0.0,0.0,0.9094048578335443,72,66,62,76,75,70,67,78,78,74,72,81,23.07,10.87,12.434
183,8,15,18.0,58.35,27.0,0.0,135.99,365.61,0.0,154.435,354.06,0.0,0.0,0.0,15.654426154023252,42.087026591458496,0.0,17.77771382525613,40.757453666398064,0.0,0.0,0.9094048578335443,72,66,62,76,75,70,67,78,78,74,72,81,23.07,10.87,12.434
184,8,16,18.0,61.9,26.0,0.0,52.989999999999995,360.015,0.0,208.01999999999998,294.855,0.0,0.0,0.0,6.099919419822723,41.442960745942216,0.0,23.946126395763784,33.94209738689996,0.0,0.0,0.9094048578335443,72,66,62,76,75,70,67,78,78,74,72,81,23.07,10.87,12.434
185,8,17,18.0,68.535,25.0,0.025,0.0,274.12,0.0,193.875,189.95999999999998,0.0,0.0,0.002877863474156786,0.0,31.555197421434325,0.0,22.317831242085873,21.867157822032922,0.0,0.0,0.9094048578335443,72,66,62,76,75,70,67,78,78,74,72,81,23.07,10.87,12.434
186,8,18,19.0,78.08,23.0,11.8,0.0,64.25999999999999,0.0,53.405,36.425,0.0,0.0,1.3583515598020028,0.0,7.397260273972602,0.0,6.147691953493727,4.193047081846437,0.0,0.0,0.9094048578335443,72,66,62,76,75,70,67,78,78,74,72,81,23.07,10.87,12.434
187,8,19,19.0,83.30000000000001,22.0,0.0,0.0,0.0,0.0,0.0,0.0,0.0,0.0,0.0,0.0,0.0,0.0,0.0,0.0,0.0,0.0,0.9094048578335443,72,66,62,76,75,70,67,78,78,74,72,81,23.07,10.87,12.434
188,8,20,19.0,87.41,22.0,0.0,0.0,0.0,0.0,0.0,0.0,0.0,0.0,0.0,0.0,0.0,0.0,0.0,0.0,0.0,0.0,0.9094048578335443,72,66,62,76,75,70,67,78,78,74,72,81,23.07,10.87,12.434
189,8,21,19.0,91.055,21.0,0.0,0.0,0.0,0.0,0.0,0.0,0.0,0.0,0.0,0.0,0.0,0.0,0.0,0.0,0.0,0.0,0.9094048578335443,72,66,62,76,75,70,67,78,78,74,72,81,23.07,10.87,12.434
190,8,22,19.0,93.38499999999999,21.0,0.0,0.0,0.0,0.0,0.0,0.0,0.0,0.0,0.0,0.0,0.0,0.0,0.0,0.0,0.0,0.0,0.9094048578335443,72,66,62,76,75,70,67,78,78,74,72,81,23.07,10.87,12.434
191,8,23,19.0,95.02,21.0,0.0,0.0,0.0,0.0,0.0,0.0,0.0,0.0,0.0,0.0,0.0,0.0,0.0,0.0,0.0,0.0,0.9094048578335443,72,66,62,76,75,70,67,78,78,74,72,81,23.07,10.87,12.434
192,9,0,15.0,95.9,17.0,0.0,0.0,0.0,0.0,0.0,0.0,0.0,0.0,0.0,0.0,0.0,0.0,0.0,0.0,0.0,0.0,0.9094048578335443,72,66,62,76,75,70,67,78,78,74,72,81,1.63,10.87,12.434
193,9,1,15.0,97.195,17.0,0.0,0.0,0.0,0.0,0.0,0.0,0.0,0.0,0.0,0.0,0.0,0.0,0.0,0.0,0.0,0.0,0.9094048578335443,72,66,62,76,75,70,67,78,78,74,72,81,1.63,10.87,12.434
194,9,2,15.0,98.34,17.0,0.0,0.0,0.0,0.0,0.0,0.0,0.0,0.0,0.0,0.0,0.0,0.0,0.0,0.0,0.0,0.0,0.9094048578335443,72,66,62,76,75,70,67,78,78,74,72,81,1.63,10.87,12.434
195,9,3,15.0,98.805,16.0,0.0,0.0,0.0,0.0,0.0,0.0,0.0,0.0,0.0,0.0,0.0,0.0,0.0,0.0,0.0,0.0,0.9094048578335443,72,66,62,76,75,70,67,78,78,74,72,81,1.63,10.87,12.434
196,9,4,15.0,99.46,16.0,0.0,0.0,0.0,0.0,0.0,0.0,0.0,0.0,0.0,0.0,0.0,0.0,0.0,0.0,0.0,0.0,0.9094048578335443,72,66,62,76,75,70,67,78,78,74,72,81,1.63,10.87,12.434
197,9,5,15.0,99.525,16.0,0.0,0.0,0.0,0.0,0.0,0.0,0.0,0.0,0.0,0.0,0.0,0.0,0.0,0.0,0.0,0.0,0.9094048578335443,72,66,62,76,75,70,67,78,78,74,72,81,1.63,10.87,12.434
198,9,6,15.0,93.50999999999999,17.0,0.0,0.0,134.21,0.0,95.28,94.68,0.0,0.0,0.0,0.0,15.449522274663291,0.0,10.968113272706342,10.899044549326579,0.0,0.0,0.9094048578335443,72,66,62,76,75,70,67,78,78,74,72,81,1.63,10.87,12.434
199,9,7,15.0,83.61500000000001,19.0,0.0,55.785,405.235,0.0,235.84500000000003,334.12,0.0,0.0,0.0,6.421664556233452,46.648440197997004,0.0,27.149188442500286,38.46206975941061,0.0,0.0,0.9094048578335443,72,66,62,76,75,70,67,78,78,74,72,81,1.63,10.87,12.434
200,9,8,15.0,73.365,21.0,0.0,168.84,473.21,0.0,202.54500000000002,462.745,0.0,0.0,0.0,19.435938759065266,54.473350984229306,0.0,23.315874294923447,53.26867733394728,0.0,0.0,0.9094048578335443,72,66,62,76,75,70,67,78,78,74,72,81,23.07,10.87,12.434
201,9,9,14.0,65.7,22.0,0.0,287.925,445.8,0.0,82.475,520.47,0.0,0.0,0.0,33.14435363186371,51.3180614711638,0.0,9.494071601243236,59.91366409577529,0.0,0.0,0.9094048578335443,72,66,62,76,75,70,67,78,78,74,72,81,23.07,10.87,12.434
202,9,10,14.0,60.88,23.0,0.0,360.96000000000004,316.40999999999997,0.0,0.0,485.19,0.0,19.29,0.0,41.55174398526533,36.423391274317936,0.0,0.0,55.85242316104524,0.0,2.220559456659376,0.9094048578335443,72,66,62,76,75,70,67,78,78,74,72,81,23.07,10.87,12.434
203,9,11,14.0,57.83,24.0,0.0,381.685,141.87,0.0,0.0,374.96500000000003,0.0,167.195,0.0,43.93749280534131,16.33129964314493,0.0,0.0,43.16392310348797,0.0,19.246575342465754,0.9094048578335443,72,66,62,76,75,70,67,78,78,74,72,81,23.07,10.87,12.434
204,9,12,14.0,56.35,24.0,0.0,361.57,19.87,0.0,0.0,272.765,0.0,239.12,0.0,41.62196385403476,2.2873258892598134,0.0,0.0,31.399217221135032,0.0,27.526188557614823,0.9094048578335443,72,66,62,76,75,70,67,78,78,74,72,81,23.07,10.87,12.434
205,9,13,14.0,55.8,24.0,0.0,336.82,170.575,0.0,0.0,360.685,0.0,115.915,0.0,38.77287901461955,19.63566248417175,0.0,0.0,41.52008748704961,0.0,13.343501784275354,0.9094048578335443,72,66,62,76,75,70,67,78,78,74,72,81,23.07,10.87,12.434
206,9,14,14.0,56.445,24.0,0.0,295.995,311.425,0.0,0.5,427.75,0.0,0.0,0.0,34.07332796132151,35.84954529757108,0.0,0.05755726948313572,49.24024404282261,0.0,0.0,0.9094048578335443,72,66,62,76,75,70,67,78,78,74,72,81,23.07,10.87,12.434
207,9,15,14.0,58.67,23.0,0.0,215.70499999999998,391.475,0.0,122.47,429.16499999999996,0.0,0.0,0.0,24.83078162771958,45.064464141821105,0.0,14.098077587199263,49.403131115459885,0.0,0.0,0.9094048578335443,72,66,62,76,75,70,67,78,78,74,72,81,23.07,10.87,12.434
208,9,16,14.8,63.845,23.0,0.0,109.945,355.20500000000004,0.0,172.385,331.86,0.0,0.0,0.0,12.656267986646714,40.88925981351444,0.0,19.8440197997007,38.201910901346835,0.0,0.0,0.9094048578335443,72,66,62,76,75,70,67,78,78,74,72,81,23.07,10.87,12.434
209,9,17,15.0,73.855,21.0,0.0,18.85,173.385,0.0,108.07,139.325,0.0,0.0,0.0,2.1699090595142163,19.95913433866697,0.0,12.440428226084954,16.038333141475768,0.0,0.0,0.9094048578335443,72,66,62,76,75,70,67,78,78,74,72,81,23.07,10.87,12.434
210,9,18,15.0,81.39,20.0,0.0,0.0,0.0,0.0,0.0,0.0,0.0,0.0,0.0,0.0,0.0,0.0,0.0,0.0,0.0,0.0,0.9094048578335443,72,66,62,76,75,70,67,78,78,74,72,81,23.07,10.87,12.434
211,9,19,15.0,85.57499999999999,19.0,0.0,0.0,0.0,0.0,0.0,0.0,0.0,0.0,0.0,0.0,0.0,0.0,0.0,0.0,0.0,0.0,0.9094048578335443,72,66,62,76,75,70,67,78,78,74,72,81,23.07,10.87,12.434
212,9,20,15.0,88.845,18.1,0.0,0.0,0.0,0.0,0.0,0.0,0.0,0.0,0.0,0.0,0.0,0.0,0.0,0.0,0.0,0.0,0.9094048578335443,72,66,62,76,75,70,67,78,78,74,72,81,23.07,10.87,12.434
213,9,21,15.0,92.22,18.0,0.0,0.0,0.0,0.0,0.0,0.0,0.0,0.0,0.0,0.0,0.0,0.0,0.0,0.0,0.0,0.0,0.9094048578335443,72,66,62,76,75,70,67,78,78,74,72,81,23.07,10.87,12.434
214,9,22,15.0,94.125,18.0,0.0,0.0,0.0,0.0,0.0,0.0,0.0,0.0,0.0,0.0,0.0,0.0,0.0,0.0,0.0,0.0,0.9094048578335443,72,66,62,76,75,70,67,78,78,74,72,81,23.07,10.87,12.434
215,9,23,15.0,95.095,17.0,0.0,0.0,0.0,0.0,0.0,0.0,0.0,0.0,0.0,0.0,0.0,0.0,0.0,0.0,0.0,0.0,0.9094048578335443,72,66,62,76,75,70,67,78,78,74,72,81,23.07,10.87,12.434
216,10,0,9.0,96.25,11.0,0.0,0.0,0.0,0.0,0.0,0.0,0.0,0.0,0.0,0.0,0.0,0.0,0.0,0.0,0.0,0.0,0.9094048578335443,71,65,61,75,74,69,66,77,78,73,71,80,1.63,10.87,10.87
217,10,1,9.0,97.22,10.0,0.0,0.0,0.0,0.0,0.0,0.0,0.0,0.0,0.0,0.0,0.0,0.0,0.0,0.0,0.0,0.0,0.9094048578335443,71,65,61,75,74,69,66,77,78,73,71,80,1.63,10.87,10.87
218,10,2,9.0,97.955,10.0,0.0,0.0,0.0,0.0,0.0,0.0,0.0,0.0,0.0,0.0,0.0,0.0,0.0,0.0,0.0,0.0,0.9094048578335443,71,65,61,75,74,69,66,77,78,73,71,80,1.63,10.87,10.87
219,10,3,9.0,98.095,10.0,0.0,0.0,0.0,0.0,0.0,0.0,0.0,0.0,0.0,0.0,0.0,0.0,0.0,0.0,0.0,0.0,0.9094048578335443,71,65,61,75,74,69,66,77,78,73,71,80,1.63,10.87,10.87
220,10,4,8.0,98.67500000000001,10.0,0.0,0.0,0.0,0.0,0.0,0.0,0.0,0.0,0.0,0.0,0.0,0.0,0.0,0.0,0.0,0.0,0.9094048578335443,71,65,61,75,74,69,66,77,78,73,71,80,1.63,10.87,10.87
221,10,5,8.0,99.2,10.0,0.0,0.0,0.0,0.0,0.0,0.0,0.0,0.0,0.0,0.0,0.0,0.0,0.0,0.0,0.0,0.0,0.9094048578335443,71,65,61,75,74,69,66,77,78,73,71,80,1.63,10.87,10.87
222,10,6,8.0,97.31,10.0,0.0,0.0,0.0,0.0,0.0,0.0,0.0,0.0,0.0,0.0,0.0,0.0,0.0,0.0,0.0,0.0,0.9094048578335443,71,65,61,75,74,69,66,77,78,73,71,80,1.63,10.87,10.87
223,10,7,9.0,89.81,12.0,0.0,116.475,307.92999999999995,0.0,130.21,301.41499999999996,0.0,0.0,0.0,13.407965926096466,35.447219983883954,0.0,14.989064118798204,34.697248762518704,0.0,0.0,0.9094048578335443,71,65,61,75,74,69,66,77,78,73,71,80,1.63,10.87,10.87
224,10,8,8.0,79.88,13.0,0.0,263.445,437.97,0.0,108.69,505.66999999999996,0.0,0.0,0.0,30.32634971796938,50.4167146310579,0.0,12.511799240244041,58.20996891907448,0.0,0.0,0.9094048578335443,71,65,61,75,74,69,66,77,78,73,71,80,8.54,10.87,10.87
225,10,9,8.0,70.63,14.95,0.0,378.1,389.4,0.0,0.0,546.8399999999999,0.0,0.0,0.0,43.52480718314723,44.825601473466094,0.0,0.0,62.949234488315874,0.0,0.0,0.9094048578335443,71,65,61,75,74,69,66,77,78,73,71,80,8.54,10.87,10.87
226,10,10,8.0,63.93,16.0,0.0,428.625,246.485,0.0,0.0,481.38,0.0,115.445,0.0,49.34096926441809,28.374007137101415,0.0,0.0,55.413836767583746,0.0,13.289397950961206,0.9094048578335443,71,65,61,75,74,69,66,77,78,73,71,80,8.54,10.87,10.87
227,10,11,8.0,60.230000000000004,17.0,0.0,396.025,95.05,0.0,0.0,346.78499999999997,0.0,217.215,0.0,45.588235294117645,10.9416369287441,0.0,0.0,39.91999539541844,0.0,25.004604581558652,0.9094048578335443,71,65,61,75,74,69,66,77,78,73,71,80,8.54,10.87,10.87
228,10,12,8.0,57.735,17.0,0.0,374.885,39.620000000000005,0.0,0.0,293.075,0.0,236.685,0.0,43.15471394037067,4.560838033843674,0.0,0.0,33.73719350754,0.0,27.245884655231954,0.9094048578335443,71,65,61,75,74,69,66,77,78,73,71,80,8.54,10.87,10.87
229,10,13,8.0,57.155,17.0,0.0,335.765,148.75,0.0,0.0,342.02,0.0,129.45999999999998,0.0,38.65143317601013,17.123287671232877,0.0,0.0,39.37147461724416,0.0,14.9027282145735,0.9094048578335443,71,65,61,75,74,69,66,77,78,73,71,80,8.54,10.87,10.87
230,10,14,8.0,58.62,17.0,0.0,321.41,273.36,0.0,0.0,421.91499999999996,0.0,26.415,0.0,36.9989639691493,31.46771037181996,0.0,0.0,48.568550707954415,0.0,3.04075054679406,0.9094048578335443,71,65,61,75,74,69,66,77,78,73,71,80,8.54,10.87,10.87
231,10,15,9.0,62.955,17.0,0.0,236.85,330.41,0.0,59.445,401.625,0.0,0.0,0.0,27.264878554161392,38.03499481984574,0.0,6.842983768850005,46.23287671232877,0.0,0.0,0.9094048578335443,71,65,61,75,74,69,66,77,78,73,71,80,8.54,10.87,10.87
232,10,16,9.0,71.975,15.6,0.0,116.2,250.825,0.0,93.6,262.295,0.0,0.0,0.0,13.376309427880742,28.87360423621503,0.0,10.774720847243007,30.19396799815817,0.0,0.0,0.9094048578335443,71,65,61,75,74,69,66,77,78,73,71,80,8.54,10.87,10.87
233,10,17,9.0,80.1,14.0,0.0,0.0,0.0,0.0,0.0,0.0,0.0,0.0,0.0,0.0,0.0,0.0,0.0,0.0,0.0,0.0,0.9094048578335443,71,65,61,75,74,69,66,77,78,73,71,80,8.54,10.87,10.87
234,10,18,9.0,83.83,13.0,0.0,0.0,0.0,0.0,0.0,0.0,0.0,0.0,0.0,0.0,0.0,0.0,0.0,0.0,0.0,0.0,0.9094048578335443,71,65,61,75,74,69,66,77,78,73,71,80,8.54,10.87,10.87
235,10,19,9.0,87.33,12.45,0.0,0.0,0.0,0.0,0.0,0.0,0.0,0.0,0.0,0.0,0.0,0.0,0.0,0.0,0.0,0.0,0.9094048578335443,71,65,61,75,74,69,66,77,78,73,71,80,8.54,10.87,10.87
236,10,20,9.0,90.84,12.0,0.0,0.0,0.0,0.0,0.0,0.0,0.0,0.0,0.0,0.0,0.0,0.0,0.0,0.0,0.0,0.0,0.9094048578335443,71,65,61,75,74,69,66,77,78,73,71,80,8.54,10.87,10.87
237,10,21,9.0,92.63,12.0,0.0,0.0,0.0,0.0,0.0,0.0,0.0,0.0,0.0,0.0,0.0,0.0,0.0,0.0,0.0,0.0,0.9094048578335443,71,65,61,75,74,69,66,77,78,73,71,80,8.54,10.87,10.87
238,10,22,9.0,94.435,11.0,0.0,0.0,0.0,0.0,0.0,0.0,0.0,0.0,0.0,0.0,0.0,0.0,0.0,0.0,0.0,0.0,0.9094048578335443,71,65,61,75,74,69,66,77,78,73,71,80,8.54,10.87,10.87
239,10,23,9.0,95.52000000000001,11.0,0.0,0.0,0.0,0.0,0.0,0.0,0.0,0.0,0.0,0.0,0.0,0.0,0.0,0.0,0.0,0.0,0.9094048578335443,71,65,61,75,74,69,66,77,78,73,71,80,8.54,10.87,10.87
240,11,0,3.0,95.5,5.0,0.0,0.0,0.0,0.0,0.0,0.0,0.0,0.0,0.0,0.0,0.0,0.0,0.0,0.0,0.0,0.0,0.9094048578335443,70,64,60,75,73,68,65,77,77,73,70,80,1.63,10.87,10.87
241,11,1,3.0,96.68,5.0,0.0,0.0,0.0,0.0,0.0,0.0,0.0,0.0,0.0,0.0,0.0,0.0,0.0,0.0,0.0,0.0,0.9094048578335443,70,64,60,75,73,68,65,77,77,73,70,80,1.63,10.87,10.87
242,11,2,3.0,96.88,5.0,0.0,0.0,0.0,0.0,0.0,0.0,0.0,0.0,0.0,0.0,0.0,0.0,0.0,0.0,0.0,0.0,0.9094048578335443,70,64,60,75,73,68,65,77,77,73,70,80,1.63,10.87,10.87
243,11,3,3.0,97.195,5.0,0.0,0.0,0.0,0.0,0.0,0.0,0.0,0.0,0.0,0.0,0.0,0.0,0.0,0.0,0.0,0.0,0.9094048578335443,70,64,60,75,73,68,65,77,77,73,70,80,1.63,10.87,10.87
244,11,4,3.0,97.80000000000001,4.0,0.0,0.0,0.0,0.0,0.0,0.0,0.0,0.0,0.0,0.0,0.0,0.0,0.0,0.0,0.0,0.0,0.9094048578335443,70,64,60,75,73,68,65,77,77,73,70,80,1.63,10.87,10.87
245,11,5,2.0,98.315,4.0,0.0,0.0,0.0,0.0,0.0,0.0,0.0,0.0,0.0,0.0,0.0,0.0,0.0,0.0,0.0,0.0,0.9094048578335443,70,64,60,75,73,68,65,77,77,73,70,80,1.63,10.87,10.87
246,11,6,2.0,97.765,4.0,0.0,0.0,0.0,0.0,0.0,0.0,0.0,0.0,0.0,0.0,0.0,0.0,0.0,0.0,0.0,0.0,0.9094048578335443,70,64,60,75,73,68,65,77,77,73,70,80,1.63,10.87,10.87
247,11,7,3.0,94.28,5.0,0.0,34.83,65.5,0.0,22.875,70.915,0.0,0.0,0.0,4.009439392195234,7.5400023022907785,0.0,2.633245078853459,8.16334753079314,0.0,0.0,0.9094048578335443,70,64,60,75,73,68,65,77,77,73,70,80,1.63,10.87,10.87
248,11,8,3.0,85.515,6.0,0.0,229.505,296.24,0.0,47.925,370.475,0.0,0.0,0.0,26.419362265454126,34.10153102336825,0.0,5.5168642799585585,42.647058823529406,0.0,0.0,0.9094048578335443,70,64,60,75,73,68,65,77,77,73,70,80,8.54,10.87,10.87
249,11,9,3.0,76.63499999999999,8.0,0.0,373.01,318.16999999999996,0.0,0.0,489.76,0.0,35.825,0.0,42.938874179808906,36.625992862898585,0.0,0.0,56.378496604121096,0.0,4.123978358466674,0.9094048578335443,70,64,60,75,73,68,65,77,77,73,70,80,8.54,10.87,10.87
250,11,10,3.0,69.525,9.0,0.0,382.73,192.67000000000002,0.0,0.0,407.585,0.0,134.09,0.0,44.05778749856107,22.179118222631516,0.0,0.0,46.91895936456774,0.0,15.435708529987338,0.9094048578335443,70,64,60,75,73,68,65,77,77,73,70,80,8.54,10.87,10.87
251,11,11,3.0,65.095,10.0,0.0,391.65,77.97999999999999,0.0,0.0,332.81,0.0,221.595,0.0,45.084609186140206,8.976631748589845,0.0,0.0,38.311269713364794,0.0,25.50880626223092,0.9094048578335443,70,64,60,75,73,68,65,77,77,73,70,80,8.54,10.87,10.87
252,11,12,3.0,62.345,11.0,0.0,401.74,34.885,0.0,0.0,308.65,0.0,260.77,0.0,46.24611488430989,4.015770691838378,0.0,0.0,35.53010245193967,0.0,30.018418326234602,0.9094048578335443,70,64,60,75,73,68,65,77,77,73,70,80,8.54,10.87,10.87
253,11,13,3.0,62.425,11.0,0.0,376.975,145.43,0.0,0.0,371.635,0.0,163.54500000000002,0.0,43.39530332681017,16.741107401864852,0.0,0.0,42.78059168873028,0.0,18.826407275238864,0.9094048578335443,70,64,60,75,73,68,65,77,77,73,70,80,8.54,10.87,10.87
254,11,14,3.0,64.69,11.0,0.0,346.57500000000005,247.48,0.0,0.0,422.67,0.0,69.605,0.0,39.89582134223552,28.488546103372855,0.0,0.0,48.65546218487395,0.0,8.012547484747323,0.9094048578335443,70,64,60,75,73,68,65,77,77,73,70,80,8.54,10.87,10.87
255,11,15,4.0,72.595,10.0,0.0,217.695,237.88,0.0,10.184999999999999,323.955,0.0,0.0,0.0,25.05985956026246,27.38344652929665,0.0,1.1724415793714744,37.29193047081846,0.0,0.0,0.9094048578335443,70,64,60,75,73,68,65,77,77,73,70,80,8.54,10.87,10.87
256,11,16,4.0,81.39,8.0,0.0,0.0,0.0,0.0,0.0,0.0,0.0,0.0,0.0,0.0,0.0,0.0,0.0,0.0,0.0,0.0,0.9094048578335443,70,64,60,75,73,68,65,77,77,73,70,80,8.54,10.87,10.87
257,11,17,4.0,84.71,7.6,0.0,0.0,0.0,0.0,0.0,0.0,0.0,0.0,0.0,0.0,0.0,0.0,0.0,0.0,0.0,0.0,0.9094048578335443,70,64,60,75,73,68,65,77,77,73,70,80,8.54,10.87,10.87
258,11,18,4.0,86.655,7.0,0.0,0.0,0.0,0.0,0.0,0.0,0.0,0.0,0.0,0.0,0.0,0.0,0.0,0.0,0.0,0.0,0.9094048578335443,70,64,60,75,73,68,65,77,77,73,70,80,8.54,10.87,10.87
259,11,19,4.0,89.485,7.0,0.0,0.0,0.0,0.0,0.0,0.0,0.0,0.0,0.0,0.0,0.0,0.0,0.0,0.0,0.0,0.0,0.9094048578335443,70,64,60,75,73,68,65,77,77,73,70,80,8.54,10.87,10.87
260,11,20,4.0,91.55000000000001,6.0,0.0,0.0,0.0,0.0,0.0,0.0,0.0,0.0,0.0,0.0,0.0,0.0,0.0,0.0,0.0,0.0,0.9094048578335443,70,64,60,75,73,68,65,77,77,73,70,80,8.54,10.87,10.87
261,11,21,3.95,93.08,6.0,0.0,0.0,0.0,0.0,0.0,0.0,0.0,0.0,0.0,0.0,0.0,0.0,0.0,0.0,0.0,0.0,0.9094048578335443,70,64,60,75,73,68,65,77,77,73,70,80,8.54,10.87,10.87
262,11,22,3.45,94.295,6.0,0.0,0.0,0.0,0.0,0.0,0.0,0.0,0.0,0.0,0.0,0.0,0.0,0.0,0.0,0.0,0.0,0.9094048578335443,70,64,60,75,73,68,65,77,77,73,70,80,8.54,10.87,10.87
263,11,23,3.0,94.945,5.0,0.0,0.0,0.0,0.0,0.0,0.0,0.0,0.0,0.0,0.0,0.0,0.0,0.0,0.0,0.0,0.0,0.9094048578335443,70,64,60,75,73,68,65,77,77,73,70,80,8.54,10.87,10.87
264,12,0,0.0,91.30000000000001,0.0,0.0,0.0,0.0,0.0,0.0,0.0,0.0,0.0,0.0,0.0,0.0,0.0,0.0,0.0,0.0,0.0,0.9094048578335443,68,61,56,73,71,66,62,75,75,71,68,78,1.63,10.87,10.87
265,12,1,-0.3,91.47,0.0,0.0,0.0,0.0,0.0,0.0,0.0,0.0,0.0,0.0,0.0,0.0,0.0,0.0,0.0,0.0,0.0,0.9094048578335443,68,61,56,73,71,66,62,75,75,71,68,78,1.63,10.87,10.87
266,12,2,-0.4,91.715,0.0,0.0,0.0,0.0,0.0,0.0,0.0,0.0,0.0,0.0,0.0,0.0,0.0,0.0,0.0,0.0,0.0,0.9094048578335443,68,61,56,73,71,66,62,75,75,71,68,78,1.63,10.87,10.87
267,12,3,-1.0,91.47,0.0,0.0,0.0,0.0,0.0,0.0,0.0,0.0,0.0,0.0,0.0,0.0,0.0,0.0,0.0,0.0,0.0,0.9094048578335443,68,61,56,73,71,66,62,75,75,71,68,78,1.63,10.87,10.87
268,12,4,-1.0,91.745,0.0,0.0,0.0,0.0,0.0,0.0,0.0,0.0,0.0,0.0,0.0,0.0,0.0,0.0,0.0,0.0,0.0,0.9094048578335443,68,61,56,73,71,66,62,75,75,71,68,78,1.63,10.87,10.87
269,12,5,-1.0,92.025,0.0,0.0,0.0,0.0,0.0,0.0,0.0,0.0,0.0,0.0,0.0,0.0,0.0,0.0,0.0,0.0,0.0,0.9094048578335443,68,61,56,73,71,66,62,75,75,71,68,78,1.63,10.87,10.87
270,12,6,-1.0,91.475,0.0,0.0,0.0,0.0,0.0,0.0,0.0,0.0,0.0,0.0,0.0,0.0,0.0,0.0,0.0,0.0,0.0,0.9094048578335443,68,61,56,73,71,66,62,75,75,71,68,78,1.63,10.87,10.87
271,12,7,-1.0,89.94,0.0,0.0,0.0,0.0,0.0,0.0,0.0,0.0,0.0,0.0,0.0,0.0,0.0,0.0,0.0,0.0,0.0,0.9094048578335443,68,61,56,73,71,66,62,75,75,71,68,78,1.63,10.87,10.87
272,12,8,0.0,86.275,1.0,0.0,107.02,135.825,0.0,20.805,171.765,0.0,0.0,0.0,12.319557960170368,15.635432255093818,0.0,2.3949579831932772,19.772648785541612,0.0,0.0,0.9094048578335443,68,61,56,73,71,66,62,75,75,71,68,78,8.54,10.87,10.87
273,12,9,0.0,80.85,2.45,0.0,257.15,224.57999999999998,0.0,0.0,340.87,0.0,26.630000000000003,0.0,29.6017036951767,25.852423161045238,0.0,0.0,39.23909289743294,0.0,3.0655001726718085,0.9094048578335443,68,61,56,73,71,66,62,75,75,71,68,78,8.54,10.87,10.87
274,12,10,0.0,74.875,3.0,0.0,287.395,150.18,0.0,0.0,310.14,0.0,97.43,0.0,33.08334292621158,17.287901461954647,0.0,0.0,35.70162311499942,0.0,11.215609531483825,0.9094048578335443,68,61,56,73,71,66,62,75,75,71,68,78,8.54,10.87,10.87
275,12,11,0.0,71.25999999999999,4.0,0.0,338.105,78.97,0.0,0.0,292.775,0.0,184.605,0.0,38.9208011971912,9.090595142166455,0.0,0.0,33.70265914585012,0.0,21.25071946586854,0.9094048578335443,68,61,56,73,71,66,62,75,75,71,68,78,8.54,10.87,10.87
276,12,12,0.0,69.795,4.25,0.0,345.7,6.965,0.0,0.0,254.635,0.0,235.425,0.0,39.79509612064003,0.8017727639000806,0.0,0.0,29.31219062967653,0.0,27.100840336134453,0.9094048578335443,68,61,56,73,71,66,62,75,75,71,68,78,8.54,10.87,10.87
277,12,13,0.0,70.005,5.0,0.0,313.36,92.41999999999999,0.0,0.0,288.065,0.0,152.97,0.0,36.07229193047081,10.638885691262805,0.0,0.0,33.16046966731898,0.0,17.60907102567054,0.9094048578335443,68,61,56,73,71,66,62,75,75,71,68,78,8.54,10.87,10.87
278,12,14,0.0,73.74000000000001,4.0,0.0,263.56,157.105,0.0,0.0,297.32500000000005,0.0,75.305,0.0,30.3395878899505,18.08506964429607,0.0,0.0,34.22643029814665,0.0,8.66870035685507,0.9094048578335443,68,61,56,73,71,66,62,75,75,71,68,78,8.54,10.87,10.87
279,12,15,0.0,80.91,3.0,0.0,171.18,161.79500000000002,0.0,0.0,237.285,0.0,2.3049999999999997,0.0,19.705306780246346,18.624956832047886,0.0,0.0,27.31495337861172,0.0,0.26533901231725565,0.9094048578335443,68,61,56,73,71,66,62,75,75,71,68,78,8.54,10.87,10.87
280,12,16,0.0,84.755,2.0,0.0,0.0,0.0,0.0,0.0,0.0,0.0,0.0,0.0,0.0,0.0,0.0,0.0,0.0,0.0,0.0,0.9094048578335443,68,61,56,73,71,66,62,75,75,71,68,78,8.54,10.87,10.87
281,12,17,0.0,86.34,2.0,0.0,0.0,0.0,0.0,0.0,0.0,0.0,0.0,0.0,0.0,0.0,0.0,0.0,0.0,0.0,0.0,0.9094048578335443,68,61,56,73,71,66,62,75,75,71,68,78,8.54,10.87,10.87
282,12,18,0.0,87.485,2.0,0.0,0.0,0.0,0.0,0.0,0.0,0.0,0.0,0.0,0.0,0.0,0.0,0.0,0.0,0.0,0.0,0.9094048578335443,68,61,56,73,71,66,62,75,75,71,68,78,8.54,10.87,10.87
283,12,19,0.0,88.935,1.0,0.0,0.0,0.0,0.0,0.0,0.0,0.0,0.0,0.0,0.0,0.0,0.0,0.0,0.0,0.0,0.0,0.9094048578335443,68,61,56,73,71,66,62,75,75,71,68,78,8.54,10.87,10.87
284,12,20,0.0,89.695,1.0,0.0,0.0,0.0,0.0,0.0,0.0,0.0,0.0,0.0,0.0,0.0,0.0,0.0,0.0,0.0,0.0,0.9094048578335443,68,61,56,73,71,66,62,75,75,71,68,78,8.54,10.87,10.87
285,12,21,0.0,90.33,1.0,0.0,0.0,0.0,0.0,0.0,0.0,0.0,0.0,0.0,0.0,0.0,0.0,0.0,0.0,0.0,0.0,0.9094048578335443,68,61,56,73,71,66,62,75,75,71,68,78,8.54,10.87,10.87
286,12,22,0.0,90.66,0.3,0.0,0.0,0.0,0.0,0.0,0.0,0.0,0.0,0.0,0.0,0.0,0.0,0.0,0.0,0.0,0.0,0.9094048578335443,68,61,56,73,71,66,62,75,75,71,68,78,8.54,10.87,10.87
287,12,23,-1.0,90.78,0.0,0.0,0.0,0.0,0.0,0.0,0.0,0.0,0.0,0.0,0.0,0.0,0.0,0.0,0.0,0.0,0.0,0.9094048578335443,68,61,56,73,71,66,62,75,75,71,68,78,8.54,10.87,10.87
